"","MKF","TS_DATE","VALUE","RETURNS","OUTLIER.TYPE"
"1","CDSP. TRADIG.USD.SNRFOR.MR14.060M","2019-04-17",1.41750129834974,-22.4528334458781,"NJUMP"
"3","CDSP. TRADIG.USD.SNRFOR.MR14.060M","2019-08-18",1.58734600782757,-97.6832544841411,"NJUMP"
"6","CDSP. TRADIG.USD.SNRFOR.MR14.060M","2019-11-24",1.87578458641599,-33.0783331542404,"NJUMP"
"14","CDSP. TRADIG.USD.SNRFOR.MR14.060M","2019-07-17",0.332966994028534,-45.4414277634554,"NJUMP"
"16","CDSP. TRADIG.USD.SNRFOR.MR14.060M","2019-08-25",0.0555153374413136,-33.8734978154304,"NJUMP"
"24","CDSP. TRADIG.USD.SNRFOR.MR14.060M","2019-12-14",1.51390757361099,2.34406685787871,"NJUMP"
"25","CDSP. TRADIG.USD.SNRFOR.MR14.060M","2019-01-05",0.463751110258987,26.0024733983852,"NJUMP"
"30","CDSP. TRADIG.USD.SNRFOR.MR14.060M","2019-03-23",0.986854410660961,-30.5115411050756,"NJUMP"
"35","CDSP. TRADIG.USD.SNRFOR.MR14.060M","2019-02-10",1.82046715451591,-113.057478969033,"NJUMP"
"39","CDSP. TRADIG.USD.SNRFOR.MR14.060M","2019-02-02",0.101730377751551,29.1401969616453,"NJUMP"
"42","CDSP. TRADIG.USD.SNRFOR.MR14.060M","2019-04-14",1.04606812619438,43.1081742149727,"NJUMP"
"44","CDSP. TRADIG.USD.SNRFOR.MR14.060M","2019-08-19",0.0886417597748225,63.9437188866438,"NJUMP"
"45","CDSP. TRADIG.USD.SNRFOR.MR14.060M","2019-09-20",0.885699310682526,40.0530480544543,"NJUMP"
"48","CDSP. TRADIG.USD.SNRFOR.MR14.060M","2019-06-10",1.13156909832048,7.36790027958647,"NJUMP"
"54","CDSP. TRADIG.USD.SNRFOR.MR14.060M","2019-03-11",1.33763165573654,18.6749164335109,"NJUMP"
"55","CDSP. TRADIG.USD.SNRFOR.MR14.060M","2019-05-15",1.2285024343355,-62.9047756954786,"NJUMP"
"59","CDSP. TRADIG.USD.SNRFOR.MR14.060M","2019-11-09",0.139050859117361,83.1723738788486,"NJUMP"
"61","CDSP. TRADIG.USD.SNRFOR.MR14.060M","2019-08-08",1.19761961559282,64.5237274349696,"NJUMP"
"65","CDSP. TRADIG.USD.SNRFOR.MR14.060M","2019-11-21",0.25796195465254,-142.573029736156,"NJUMP"
"66","CDSP. TRADIG.USD.SNRFOR.MR14.060M","2019-06-22",0.996943408002595,-50.3848734800282,"NJUMP"
"68","CDSP. TRADIG.USD.SNRFOR.MR14.060M","2019-10-20",0.778142322284206,-29.8620474468766,"NJUMP"
"72","CDSP. TRADIG.USD.SNRFOR.MR14.060M","2019-06-04",2.13508919497424,-73.5380020847455,"NJUMP"
"73","CDSP. TRADIG.USD.SNRFOR.MR14.060M","2019-06-10",1.37536924719889,55.6822533238494,"NJUMP"
"79","CDSP. TRADIG.USD.SNRFOR.MR14.060M","2019-03-31",0.41009051463741,60.6365943729935,"NJUMP"
"82","CDSP. TRADIG.USD.SNRFOR.MR14.060M","2019-07-21",1.89776438732602,-43.1240615838522,"NJUMP"
"86","CDSP. TRADIG.USD.SNRFOR.MR14.060M","2019-04-29",0.665291462048063,7.87516884337688,"NJUMP"
"88","CDSP. TRADIG.USD.SNRFOR.MR14.060M","2019-03-27",0.514278491094809,-46.0864916359881,"NJUMP"
"94","CDSP. TRADIG.USD.SNRFOR.MR14.060M","2019-03-28",0.676826944167079,-158.944421667384,"NJUMP"
"95","CDSP. TRADIG.USD.SNRFOR.MR14.060M","2019-07-08",0.739252280136183,-39.5922704390224,"NJUMP"
"97","CDSP. TRADIG.USD.SNRFOR.MR14.060M","2019-08-15",1.18898729310275,60.1255476896513,"NJUMP"
"98","CDSP. TRADIG.USD.SNRFOR.MR14.060M","2019-07-01",0.228136048756204,-118.062340940036,"NJUMP"
"101","CDSP. TRADIG.USD.SNRFOR.MR14.060M","2019-04-08",1.61526807671786,-54.8631603629209,"NJUMP"
"103","CDSP. TRADIG.USD.SNRFOR.MR14.060M","2019-10-13",0.517214865868871,89.4696853331415,"NJUMP"
"105","CDSP. TRADIG.USD.SNRFOR.MR14.060M","2019-01-13",1.27243359318729,49.7443294804095,"NJUMP"
"107","CDSP. TRADIG.USD.SNRFOR.MR14.060M","2019-10-02",1.72415120715738,119.132930048654,"NJUMP"
"109","CDSP. TRADIG.USD.SNRFOR.MR14.060M","2019-03-18",1.68745870654648,-21.2465524620027,"NJUMP"
"110","CDSP. TRADIG.USD.SNRFOR.MR14.060M","2019-01-28",0.640892514894787,8.56749758718289,"NJUMP"
"112","CDSP. TRADIG.USD.SNRFOR.MR14.060M","2019-06-21",1.60034716914893,71.1781393752859,"NJUMP"
"113","CDSP. TRADIG.USD.SNRFOR.MR14.060M","2019-02-22",0.426715739535288,-34.939814342382,"NJUMP"
"116","CDSP. TRADIG.USD.SNRFOR.MR14.060M","2019-06-03",1.36350373294178,-69.3150276649406,"NJUMP"
"117","CDSP. TRADIG.USD.SNRFOR.MR14.060M","2019-09-28",0.0610325029834816,17.2623592371422,"NJUMP"
"118","CDSP. TRADIG.USD.SNRFOR.MR14.060M","2019-12-06",0.149628219151589,34.9779829537541,"NJUMP"
"120","CDSP. TRADIG.USD.SNRFOR.MR14.060M","2019-11-17",1.96754756187613,-77.0049974668495,"NJUMP"
"121","CDSP. TRADIG.USD.SNRFOR.MR14.060M","2019-01-10",1.42581181282763,-20.550791713212,"NJUMP"
"130","CDSP. TRADIG.USD.SNRFOR.MR14.060M","2019-02-27",1.12851893033139,15.9118619421342,"NJUMP"
"131","CDSP. TRADIG.USD.SNRFOR.MR14.060M","2019-05-24",1.01686663643786,62.3651759601041,"NJUMP"
"134","CDSP. TRADIG.USD.SNRFOR.MR14.060M","2019-12-07",0.250817446522784,-9.17884086736081,"NJUMP"
"139","CDSP. TRADIG.USD.SNRFOR.MR14.060M","2019-10-05",0.778380147428417,-53.0303918250575,"NJUMP"
"140","CDSP. TRADIG.USD.SNRFOR.MR14.060M","2019-01-29",0.476120168835942,79.7372381219318,"NJUMP"
"141","CDSP. TRADIG.USD.SNRFOR.MR14.060M","2019-04-12",1.02574264667777,-9.8914740748127,"NJUMP"
"142","CDSP. TRADIG.USD.SNRFOR.MR14.060M","2019-11-10",0.754631513725879,-41.4182378124017,"NJUMP"
"143","CDSP. TRADIG.USD.SNRFOR.MR14.060M","2019-08-25",2.02505016537429,2.39021256463029,"NJUMP"
"144","CDSP. TRADIG.USD.SNRFOR.MR14.060M","2019-12-21",1.09038712926555,-35.9318809354887,"NJUMP"
"147","CDSP. TRADIG.USD.SNRFOR.MR14.060M","2019-02-05",0.430081397799757,141.268719976062,"NJUMP"
"148","CDSP. TRADIG.USD.SNRFOR.MR14.060M","2019-02-10",0.518721830977435,54.9065831372032,"NJUMP"
"151","CDSP. TRADIG.USD.SNRFOR.MR14.060M","2019-05-01",1.63717617833821,27.0610162760057,"NJUMP"
"153","CDSP. TRADIG.USD.SNRFOR.MR14.060M","2019-03-28",0.0366222058415834,-41.0151651837784,"NJUMP"
"155","CDSP. TRADIG.USD.SNRFOR.MR14.060M","2019-05-27",1.56365094112792,-151.069612541918,"NJUMP"
"157","CDSP. TRADIG.USD.SNRFOR.MR14.060M","2019-03-25",0.146412817702554,4.71859056126669,"NJUMP"
"158","CDSP. TRADIG.USD.SNRFOR.MR14.060M","2019-05-05",2.12470821386462,-116.610846248276,"NJUMP"
"169","CDSP. TRADIG.USD.SNRFOR.MR14.060M","2019-06-12",2.06606788766586,40.0233918979937,"NJUMP"
"172","CDSP. TRADIG.USD.SNRFOR.MR14.060M","2019-01-04",0.427506447302602,-30.4740944196971,"NJUMP"
"179","CDSP. TRADIG.USD.SNRFOR.MR14.060M","2019-10-31",0.437557091529807,132.139943620583,"NJUMP"
"182","CDSP. TRADIG.USD.SNRFOR.MR14.060M","2019-03-03",0.153952277443544,2.04788228090772,"NJUMP"
"184","CDSP. TRADIG.USD.SNRFOR.MR14.060M","2019-11-18",1.80612795470954,-78.0941304233089,"NJUMP"
"189","CDSP. TRADIG.USD.SNRFOR.MR14.060M","2019-04-21",0.828742977749211,-55.2767056068157,"NJUMP"
"190","CDSP. TRADIG.USD.SNRFOR.MR14.060M","2019-10-11",0.965835014936466,71.5499029787277,"NJUMP"
"194","CDSP. TRADIG.USD.SNRFOR.MR14.060M","2019-08-01",0.119381138743073,17.2864974580349,"NJUMP"
"195","CDSP. TRADIG.USD.SNRFOR.MR14.060M","2019-07-10",0.0903178912325136,-39.0305098971156,"NJUMP"
"196","CDSP. TRADIG.USD.SNRFOR.MR14.060M","2019-08-15",0.891038744277192,-91.4357024319154,"NJUMP"
"198","CDSP. TRADIG.USD.SNRFOR.MR14.060M","2020-01-01",0.246607322402512,68.6608050517075,"NJUMP"
"199","CDSP. TRADIG.USD.SNRFOR.MR14.060M","2019-04-08",1.84315559961888,30.8201622450098,"NJUMP"
"204","CDSP. TRADIG.USD.SNRFOR.MR14.060M","2019-06-23",1.31000760097814,16.3823907281688,"NJUMP"
"209","CDSP. TRADIG.USD.SNRFOR.MR14.060M","2019-06-15",0.200857030078351,-68.2160023638279,"NJUMP"
"210","CDSP. TRADIG.USD.SNRFOR.MR14.060M","2019-07-25",0.602036061625545,-42.6146350511586,"NJUMP"
"212","CDSP. TRADIG.USD.SNRFOR.MR14.060M","2019-01-07",1.45063124211797,80.8399645794278,"NJUMP"
"214","CDSP. TRADIG.USD.SNRFOR.MR14.060M","2019-05-22",1.47009229055916,80.5244298508296,"NJUMP"
"218","CDSP. TRADIG.USD.SNRFOR.MR14.060M","2019-02-13",1.14082228226178,-8.53730646091871,"NJUMP"
"219","CDSP. TRADIG.USD.SNRFOR.MR14.060M","2019-03-06",1.5968417503765,-1.71147942405974,"NJUMP"
"222","CDSP. TRADIG.USD.SNRFOR.MR14.060M","2019-10-06",2.00782760935623,61.6941449623526,"NJUMP"
"224","CDSP. TRADIG.USD.SNRFOR.MR14.060M","2019-05-08",1.20824366106651,66.6340557587659,"NJUMP"
"225","CDSP. TRADIG.USD.SNRFOR.MR14.060M","2019-10-15",0.412434126974405,-40.5784947986391,"NJUMP"
"228","CDSP. TRADIG.USD.SNRFOR.MR14.060M","2019-12-15",1.78038786008364,-30.0279910907651,"NJUMP"
"235","CDSP. TRADIG.USD.SNRFOR.MR14.060M","2019-04-30",0.211392773653075,66.6829013526731,"NJUMP"
"239","CDSP. TRADIG.USD.SNRFOR.MR14.060M","2019-10-15",1.58050353506496,118.092482338938,"NJUMP"
"240","CDSP. TRADIG.USD.SNRFOR.MR14.060M","2019-11-20",2.03050660937071,74.9716743696034,"NJUMP"
"247","CDSP. TRADIG.USD.SNRFOR.MR14.060M","2019-11-12",0.639927865623521,-51.2051399054444,"NJUMP"
"253","CDSP. TRADIG.USD.SNRFOR.MR14.060M","2019-01-15",0.728060990839423,26.9852711069659,"NJUMP"
"258","CDSP. TRADIG.USD.SNRFOR.MR14.060M","2019-11-17",2.11146453264908,51.9378511926667,"NJUMP"
"260","CDSP. TRADIG.USD.SNRFOR.MR14.060M","2019-01-11",0.114439801979069,145.935182452053,"NJUMP"
"263","CDSP. TRADIG.USD.SNRFOR.MR14.060M","2019-09-05",0.596338810556811,129.609832189473,"NJUMP"
"265","CDSP. TRADIG.USD.SNRFOR.MR14.060M","2019-04-12",1.99834342574928,28.8390332850818,"NJUMP"
"269","CDSP. TRADIG.USD.SNRFOR.MR14.060M","2019-02-01",1.07538796494456,130.043897062425,"NJUMP"
"271","CDSP. TRADIG.USD.SNRFOR.MR14.060M","2019-04-20",2.01302291526829,-111.389680521383,"NJUMP"
"276","CDSP. TRADIG.USD.SNRFOR.MR14.060M","2019-10-28",1.41118931347363,-41.8263893812157,"NJUMP"
"279","CDSP. TRADIG.USD.SNRFOR.MR14.060M","2019-01-10",2.15076054534735,-62.6350589576535,"NJUMP"
"285","CDSP. TRADIG.USD.SNRFOR.MR14.060M","2019-02-28",1.84111523120344,36.188061656188,"NJUMP"
"287","CDSP. TRADIG.USD.SNRFOR.MR14.060M","2019-03-24",1.46273936858595,198.102718918057,"NJUMP"
"290","CDSP. TRADIG.USD.SNRFOR.MR14.060M","2019-12-02",1.84687414832676,13.2791743378048,"NJUMP"
"299","CDSP. TRADIG.USD.SNRFOR.MR14.060M","2019-01-02",0.207811300328154,-43.391521895772,"NJUMP"
"300","CDSP. TRADIG.USD.SNRFOR.MR14.060M","2019-05-31",1.95840221672388,34.8404566909109,"NJUMP"
"302","CDSP. TRADIG.USD.SNRFOR.MR14.060M","2019-10-26",0.774213247368364,41.7166762074926,"NJUMP"
"303","CDSP. TRADIG.USD.SNRFOR.MR14.060M","2019-07-30",1.72423444156536,-36.0608377465753,"NJUMP"
"304","CDSP. TRADIG.USD.SNRFOR.MR14.060M","2019-10-10",1.68680001262706,9.39625381145452,"NJUMP"
"317","CDSP. TRADIG.USD.SNRFOR.MR14.060M","2019-06-04",1.05403975506658,-65.560825305886,"NJUMP"
"322","CDSP. TRADIG.USD.SNRFOR.MR14.060M","2019-08-20",1.89009583163914,107.379052142907,"NJUMP"
"326","CDSP. TRADIG.USD.SNRFOR.MR14.060M","2019-06-09",0.628541530534451,-57.4031444612352,"NJUMP"
"328","CDSP. TRADIG.USD.SNRFOR.MR14.060M","2019-05-14",1.67716581838249,45.9616621964647,"NJUMP"
"331","CDSP. TRADIG.USD.SNRFOR.MR14.060M","2019-01-10",0.324637656377716,146.305983498934,"NJUMP"
"332","CDSP. TRADIG.USD.SNRFOR.MR14.060M","2019-02-14",1.07768260278544,45.1723841559782,"NJUMP"
"333","CDSP. TRADIG.USD.SNRFOR.MR14.060M","2019-08-30",1.86904347042163,-86.0367175883079,"NJUMP"
"334","CDSP. TRADIG.USD.SNRFOR.MR14.060M","2019-12-01",0.561279173170354,50.4772696959516,"NJUMP"
"335","CDSP. TRADIG.USD.SNRFOR.MR14.060M","2019-10-01",1.38646854887797,1.47890796422067,"NJUMP"
"336","CDSP. TRADIG.USD.SNRFOR.MR14.060M","2019-05-08",1.07288220034096,-6.6454211270753,"NJUMP"
"341","CDSP. TRADIG.USD.SNRFOR.MR14.060M","2019-07-12",1.40243415817859,22.9638093783036,"NJUMP"
"342","CDSP. TRADIG.USD.SNRFOR.MR14.060M","2019-09-24",1.54972813819727,16.5779620206688,"NJUMP"
"343","CDSP. TRADIG.USD.SNRFOR.MR14.060M","2019-10-27",1.49476909305747,4.23660120478143,"NJUMP"
"348","CDSP. TRADIG.USD.SNRFOR.MR14.060M","2019-05-17",0.677638757215403,110.334577005892,"NJUMP"
"353","CDSP. TRADIG.USD.SNRFOR.MR14.060M","2019-06-25",0.179552162386236,138.249002138216,"NJUMP"
"355","CDSP. TRADIG.USD.SNRFOR.MR14.060M","2019-05-09",0.483792553679813,-74.4927892912013,"NJUMP"
"357","CDSP. TRADIG.USD.SNRFOR.MR14.060M","2019-09-17",0.963350052358543,14.8915039501842,"NJUMP"
"358","CDSP. TRADIG.USD.SNRFOR.MR14.060M","2019-09-19",1.83070398511192,149.804324368036,"NJUMP"
"359","CDSP. TRADIG.USD.SNRFOR.MR14.060M","2019-04-09",1.47445419124584,-197.086329567443,"NJUMP"
"362","CDSP. TRADIG.USD.SNRFOR.MR14.060M","2019-04-08",0.949906063796146,-50.1133317936502,"NJUMP"
"363","CDSP. TRADIG.USD.SNRFOR.MR14.060M","2019-07-16",0.374019107262102,2.54685437649756,"NJUMP"
"366","CDSP. TRADIG.USD.SNRFOR.MR14.060M","2019-05-11",0.384344556909548,87.5941041617807,"NJUMP"
"375","CDSP. TRADIG.USD.SNRFOR.MR14.060M","2019-06-11",2.04146614111164,58.8249507703809,"NJUMP"
"381","CDSP. TRADIG.USD.SNRFOR.MR14.060M","2019-01-02",0.677573918147118,-87.0941054573692,"NJUMP"
"384","CDSP. TRADIG.USD.SNRFOR.MR14.060M","2019-06-11",0.440297639790372,-18.6148806773355,"NJUMP"
"385","CDSP. TRADIG.USD.SNRFOR.MR14.060M","2019-08-05",0.385844151573341,39.7117046131113,"NJUMP"
"389","CDSP. TRADIG.USD.SNRFOR.MR14.060M","2019-02-23",1.3052342493068,-85.9491147119422,"NJUMP"
"393","CDSP. TRADIG.USD.SNRFOR.MR14.060M","2019-10-09",2.02123301252352,38.4420918005788,"NJUMP"
"395","CDSP. TRADIG.USD.SNRFOR.MR14.060M","2019-02-04",0.566078978534351,4.04836150621748,"NJUMP"
"400","CDSP. TRADIG.USD.SNRFOR.MR14.060M","2019-04-27",1.44300800895869,-21.6412469929479,"NJUMP"
"401","CDSP. TRADIG.USD.SNRFOR.MR14.060M","2019-05-21",0.0324294953276953,50.9041416332398,"NJUMP"
"402","CDSP. TRADIG.USD.SNRFOR.MR14.060M","2019-01-29",0.565151322443596,22.3415837905486,"NJUMP"
"404","CDSP. TRADIG.USD.SNRFOR.MR14.060M","2019-11-22",1.897979628137,-81.4256674243048,"NJUMP"
"407","CDSP. TRADIG.USD.SNRFOR.MR14.060M","2019-02-08",1.68933415369119,50.6880316123685,"NJUMP"
"409","CDSP. TRADIG.USD.SNRFOR.MR14.060M","2019-10-13",0.0458397009477487,31.5981091153556,"NJUMP"
"414","CDSP. TRADIG.USD.SNRFOR.MR14.060M","2019-02-26",1.12610544320001,-133.120709618992,"NJUMP"
"416","CDSP. TRADIG.USD.SNRFOR.MR14.060M","2019-11-26",0.306749437523405,-89.2338354361635,"NJUMP"
"417","CDSP. TRADIG.USD.SNRFOR.MR14.060M","2019-06-16",2.1110012746344,-62.432565612846,"NJUMP"
"419","CDSP. TRADIG.USD.SNRFOR.MR14.060M","2019-07-11",1.06209638030494,-51.0162056278898,"NJUMP"
"420","CDSP. TRADIG.USD.SNRFOR.MR14.060M","2019-03-23",0.836190998809347,48.2871511092319,"NJUMP"
"422","CDSP. TRADIG.USD.SNRFOR.MR14.060M","2019-07-15",0.851329611449081,1.04682437075323,"NJUMP"
"424","CDSP. TRADIG.USD.SNRFOR.MR14.060M","2019-08-06",0.466172804641197,39.753178436507,"NJUMP"
"425","CDSP. TRADIG.USD.SNRFOR.MR14.060M","2019-10-09",0.635776747249151,8.20159229895375,"NJUMP"
"430","CDSP. TRADIG.USD.SNRFOR.MR14.060M","2019-08-04",1.08494758716314,89.3493671161808,"NJUMP"
"435","CDSP. TRADIG.USD.SNRFOR.MR14.060M","2019-03-30",0.869589889859124,-71.6373831134405,"NJUMP"
"436","CDSP. TRADIG.USD.SNRFOR.MR14.060M","2019-04-01",0.293364226893162,-71.911101208833,"NJUMP"
"438","CDSP. TRADIG.USD.SNRFOR.MR14.060M","2019-02-26",1.42654343692582,58.4434521120009,"NJUMP"
"440","CDSP. TRADIG.USD.SNRFOR.MR14.060M","2019-07-02",0.433189990336714,49.9196505221059,"NJUMP"
"442","CDSP. TRADIG.USD.SNRFOR.MR14.060M","2019-01-05",0.797217512307335,-14.2234728648204,"NJUMP"
"446","CDSP. TRADIG.USD.SNRFOR.MR14.060M","2019-10-29",0.0312092320831914,15.4021827975489,"NJUMP"
"448","CDSP. TRADIG.USD.SNRFOR.MR14.060M","2019-09-30",1.78318248110354,46.2690903263853,"NJUMP"
"449","CDSP. TRADIG.USD.SNRFOR.MR14.060M","2019-08-16",0.130239439782609,-137.256726055354,"NJUMP"
"453","CDSP. TRADIG.USD.SNRFOR.MR14.060M","2019-05-09",1.48116184790257,-62.7051131934561,"NJUMP"
"454","CDSP. TRADIG.USD.SNRFOR.MR14.060M","2019-11-26",1.14521726904875,-7.02755179596117,"NJUMP"
"457","CDSP. TRADIG.USD.SNRFOR.MR14.060M","2019-07-11",1.93486966758694,118.008910822187,"NJUMP"
"462","CDSP. TRADIG.USD.SNRFOR.MR14.060M","2019-12-27",1.89232721269981,81.2324487586888,"NJUMP"
"463","CDSP. TRADIG.USD.SNRFOR.MR14.060M","2019-03-17",1.18804206656651,72.9965967018198,"NJUMP"
"464","CDSP. TRADIG.USD.SNRFOR.MR14.060M","2019-09-09",0.353262328674194,-24.1462430064649,"NJUMP"
"465","CDSP. TRADIG.USD.SNRFOR.MR14.060M","2019-03-05",1.56905003512281,-16.3320173166938,"NJUMP"
"466","CDSP. TRADIG.USD.SNRFOR.MR14.060M","2019-12-15",2.07684867743536,-69.2092067308191,"NJUMP"
"468","CDSP. TRADIG.USD.SNRFOR.MR14.060M","2019-12-23",0.0378543278091124,45.8257419324731,"NJUMP"
"471","CDSP. TRADIG.USD.SNRFOR.MR14.060M","2019-12-08",0.672551275698924,93.2351221700332,"NJUMP"
"475","CDSP. TRADIG.USD.SNRFOR.MR14.060M","2019-04-02",0.235585424290669,26.779798161656,"NJUMP"
"476","CDSP. TRADIG.USD.SNRFOR.MR14.060M","2019-06-02",0.645128655444286,28.7495141009357,"NJUMP"
"481","CDSP. TRADIG.USD.SNRFOR.MR14.060M","2019-08-19",0.14144352734798,-0.230712493372205,"NJUMP"
"484","CDSP. TRADIG.USD.SNRFOR.MR14.060M","2019-10-06",1.71069730993778,-65.7931092577547,"NJUMP"
"494","CDSP. TRADIG.USD.SNRFOR.MR14.060M","2019-04-21",1.31849214729136,44.4294060196525,"NJUMP"
"496","CDSP. TRADIG.USD.SNRFOR.MR14.060M","2019-03-25",1.37785448920849,-60.4124476835593,"NJUMP"
"497","CDSP. TRADIG.USD.SNRFOR.MR14.060M","2019-03-14",1.9958963949048,3.98685959701678,"NJUMP"
"498","CDSP. TRADIG.USD.SNRFOR.MR14.060M","2019-03-24",1.6069157988679,-57.6335906207628,"NJUMP"
"499","CDSP. TRADIG.USD.SNRFOR.MR14.060M","2019-10-10",1.27036419663495,-59.1291985578453,"NJUMP"
"505","CDSP. TRADIG.USD.SNRFOR.MR14.060M","2019-08-09",2.06757077793593,3.20099399840237,"NJUMP"
"511","CDSP. TRADIG.USD.SNRFOR.MR14.060M","2019-12-06",0.573869239869286,1.0875865015909,"NJUMP"
"512","CDSP. TRADIG.USD.SNRFOR.MR14.060M","2019-06-23",0.816059474159954,55.5004741073048,"NJUMP"
"516","CDSP. TRADIG.USD.SNRFOR.MR14.060M","2019-01-27",1.36384333524258,112.093402144808,"NJUMP"
"521","CDSP. TRADIG.USD.SNRFOR.MR14.060M","2019-11-15",1.86816798417538,-70.4646583197575,"NJUMP"
"524","CDSP. TRADIG.USD.SNRFOR.MR14.060M","2019-10-07",1.80722473248006,58.6277393023273,"NJUMP"
"527","CDSP. TRADIG.USD.SNRFOR.MR14.060M","2019-04-24",1.07176279604949,-74.7551325378326,"NJUMP"
"529","CDSP. TRADIG.USD.SNRFOR.MR14.060M","2019-12-09",0.806687644918234,-119.863978909378,"NJUMP"
"530","CDSP. TRADIG.USD.SNRFOR.MR14.060M","2019-02-22",1.74153108320968,5.50773850009308,"NJUMP"
"536","CDSP. TRADIG.USD.SNRFOR.MR14.060M","2019-07-27",1.22215934171551,-10.7713114892218,"NJUMP"
"541","CDSP. TRADIG.USD.SNRFOR.MR14.060M","2019-07-02",1.83157901176007,-42.7348214164182,"NJUMP"
"543","CDSP. TRADIG.USD.SNRFOR.MR14.060M","2019-07-07",1.01379827412119,-82.2681332670532,"NJUMP"
"544","CDSP. TRADIG.USD.SNRFOR.MR14.060M","2019-04-06",0.532362506186716,110.818433644034,"NJUMP"
"545","CDSP. TRADIG.USD.SNRFOR.MR14.060M","2019-09-04",0.448574361399395,53.2776361392027,"NJUMP"
"548","CDSP. TRADIG.USD.SNRFOR.MR14.060M","2019-06-04",1.55831001309492,100.655397511975,"NJUMP"
"551","CDSP. TRADIG.USD.SNRFOR.MR14.060M","2019-10-25",0.771888821515108,-43.3670258021383,"NJUMP"
"552","CDSP. TRADIG.USD.SNRFOR.MR14.060M","2019-12-15",0.108834024830351,-77.0132889785767,"NJUMP"
"554","CDSP. TRADIG.USD.SNRFOR.MR14.060M","2019-05-22",0.120653327639562,58.5918310676324,"NJUMP"
"555","CDSP. TRADIG.USD.SNRFOR.MR14.060M","2019-08-26",1.27158076075993,-43.0525890570599,"NJUMP"
"557","CDSP. TRADIG.USD.SNRFOR.MR14.060M","2019-10-03",1.77171144148813,-104.533429769645,"NJUMP"
"562","CDSP. TRADIG.USD.SNRFOR.MR14.060M","2019-09-30",0.600177350601895,-109.614738948614,"NJUMP"
"567","CDSP. TRADIG.USD.SNRFOR.MR14.060M","2019-08-18",1.8872836635011,113.224903610229,"NJUMP"
"572","CDSP. TRADIG.USD.SNRFOR.MR14.060M","2019-01-17",1.52165455480084,-0.647596019767775,"NJUMP"
"576","CDSP. TRADIG.USD.SNRFOR.MR14.060M","2019-05-02",0.275517124201498,-66.9413876298811,"NJUMP"
"577","CDSP. TRADIG.USD.SNRFOR.MR14.060M","2019-12-06",1.83547855625685,-61.0567172364106,"NJUMP"
"580","CDSP. TRADIG.USD.SNRFOR.MR14.060M","2019-08-05",2.09230789251082,48.9711750256251,"NJUMP"
"581","CDSP. TRADIG.USD.SNRFOR.MR14.060M","2019-07-16",1.08526661773364,40.9139514941827,"NJUMP"
"582","CDSP. TRADIG.USD.SNRFOR.MR14.060M","2019-11-18",0.688537152481843,5.14920381263055,"NJUMP"
"584","CDSP. TRADIG.USD.SNRFOR.MR14.060M","2019-07-03",0.707672961807504,-38.3401781978917,"NJUMP"
"586","CDSP. TRADIG.USD.SNRFOR.MR14.060M","2019-12-02",1.08432298043405,-94.5162670856703,"NJUMP"
"590","CDSP. TRADIG.USD.SNRFOR.MR14.060M","2019-09-30",0.30117268900791,21.484969839242,"NJUMP"
"602","CDSP. TRADIG.USD.SNRFOR.MR14.060M","2019-06-02",1.97302525310288,-156.239032253434,"NJUMP"
"608","CDSP. TRADIG.USD.SNRFOR.MR14.060M","2019-11-20",1.09153602327733,19.9319793724023,"NJUMP"
"610","CDSP. TRADIG.USD.SNRFOR.MR14.060M","2020-01-01",1.86232529859703,-92.3804024986983,"NJUMP"
"611","CDSP. TRADIG.USD.SNRFOR.MR14.060M","2019-11-14",0.904412899736604,-68.5208471197596,"NJUMP"
"612","CDSP. TRADIG.USD.SNRFOR.MR14.060M","2019-01-30",0.446509942999318,-38.9875296386738,"NJUMP"
"614","CDSP. TRADIG.USD.SNRFOR.MR14.060M","2019-10-19",1.56933201841324,111.612327782046,"NJUMP"
"615","CDSP. TRADIG.USD.SNRFOR.MR14.060M","2019-08-10",2.09039447392657,-36.2371386346988,"NJUMP"
"617","CDSP. TRADIG.USD.SNRFOR.MR14.060M","2019-03-23",1.25349050138751,-21.4193033341588,"NJUMP"
"619","CDSP. TRADIG.USD.SNRFOR.MR14.060M","2019-12-10",1.03784574734617,23.8216861280694,"NJUMP"
"622","CDSP. TRADIG.USD.SNRFOR.MR14.060M","2019-06-01",0.957566038498531,-49.2371090843516,"NJUMP"
"623","CDSP. TRADIG.USD.SNRFOR.MR14.060M","2019-12-10",2.10394811286881,35.169715065547,"NJUMP"
"624","CDSP. TRADIG.USD.SNRFOR.MR14.060M","2019-05-17",0.377082676059868,102.347045529721,"NJUMP"
"627","CDSP. TRADIG.USD.SNRFOR.MR14.060M","2019-07-21",1.34515969848487,-27.2690524658415,"NJUMP"
"628","CDSP. TRADIG.USD.SNRFOR.MR14.060M","2019-03-21",0.864350173667116,19.4956740218299,"NJUMP"
"629","CDSP. TRADIG.USD.SNRFOR.MR14.060M","2019-02-22",1.81332603331647,-60.2144121151983,"NJUMP"
"635","CDSP. TRADIG.USD.SNRFOR.MR14.060M","2019-07-12",2.01582660516138,-66.855176009322,"NJUMP"
"640","CDSP. TRADIG.USD.SNRFOR.MR14.060M","2019-12-02",0.197659892442562,18.5331455824345,"NJUMP"
"641","CDSP. TRADIG.USD.SNRFOR.MR14.060M","2019-09-18",0.697329781897528,3.24625356344646,"NJUMP"
"642","CDSP. TRADIG.USD.SNRFOR.MR14.060M","2019-09-27",1.10140462794153,30.2598012472424,"NJUMP"
"643","CDSP. TRADIG.USD.SNRFOR.MR14.060M","2019-02-08",1.90777037559178,136.607076075041,"NJUMP"
"644","CDSP. TRADIG.USD.SNRFOR.MR14.060M","2019-02-15",0.503395305746215,28.4997679709055,"NJUMP"
"651","CDSP. TRADIG.USD.SNRFOR.MR14.060M","2019-08-31",1.14618040402863,-57.1883930541601,"NJUMP"
"652","CDSP. TRADIG.USD.SNRFOR.MR14.060M","2019-02-15",0.250737397040326,26.2102409328337,"NJUMP"
"659","CDSP. TRADIG.USD.SNRFOR.MR14.060M","2019-05-17",0.257588422000506,-48.1463447834639,"NJUMP"
"660","CDSP. TRADIG.USD.SNRFOR.MR14.060M","2019-12-16",1.17399953783321,-50.740502655768,"NJUMP"
"661","CDSP. TRADIG.USD.SNRFOR.MR14.060M","2019-07-18",1.01582406940536,9.06690087864131,"NJUMP"
"663","CDSP. TRADIG.USD.SNRFOR.MR14.060M","2019-10-25",1.60176639519249,-50.9003244833813,"NJUMP"
"665","CDSP. TRADIG.USD.SNRFOR.MR14.060M","2019-07-30",0.473269959276357,76.775969475208,"NJUMP"
"666","CDSP. TRADIG.USD.SNRFOR.MR14.060M","2019-03-02",1.34004581836795,2.22672531586273,"NJUMP"
"667","CDSP. TRADIG.USD.SNRFOR.MR14.060M","2019-11-05",1.58960942029526,-12.1260070633226,"NJUMP"
"671","CDSP. TRADIG.USD.SNRFOR.MR14.060M","2019-01-17",1.06873163090342,-33.7514448307846,"NJUMP"
"673","CDSP. TRADIG.USD.SNRFOR.MR14.060M","2019-10-02",0.833261865435233,21.276442182771,"NJUMP"
"675","CDSP. TRADIG.USD.SNRFOR.MR14.060M","2019-02-05",2.02185946062299,65.4086607535485,"NJUMP"
"678","CDSP. TRADIG.USD.SNRFOR.MR14.060M","2019-02-08",0.77539059725288,-102.130505346392,"NJUMP"
"679","CDSP. TRADIG.USD.SNRFOR.MR14.060M","2019-12-13",1.36064830004477,-68.1387688523731,"NJUMP"
"680","CDSP. TRADIG.USD.SNRFOR.MR14.060M","2019-09-09",1.38222657103548,-39.2986681315402,"NJUMP"
"684","CDSP. TRADIG.USD.SNRFOR.MR14.060M","2019-01-28",1.69117907280108,-72.5125040568366,"NJUMP"
"685","CDSP. TRADIG.USD.SNRFOR.MR14.060M","2019-01-29",0.595109378677542,17.5082479302757,"NJUMP"
"686","CDSP. TRADIG.USD.SNRFOR.MR14.060M","2019-09-09",1.19514295953097,70.9836645254001,"NJUMP"
"691","CDSP. TRADIG.USD.SNRFOR.MR14.060M","2019-10-17",1.1232709453441,10.4944099820465,"NJUMP"
"695","CDSP. TRADIG.USD.SNRFOR.MR14.060M","2019-03-31",0.210974065386018,-94.1655542974198,"NJUMP"
"699","CDSP. TRADIG.USD.SNRFOR.MR14.060M","2019-09-03",0.407786388527666,-28.8281659683245,"NJUMP"
"700","CDSP. TRADIG.USD.SNRFOR.MR14.060M","2019-01-20",1.64469405979927,-77.9703052979279,"NJUMP"
"703","CDSP. TRADIG.USD.SNRFOR.MR14.060M","2019-05-19",1.52453386694626,-6.93423116518564,"NJUMP"
"704","CDSP. TRADIG.USD.SNRFOR.MR14.060M","2019-04-26",1.46791131738481,83.8565717293179,"NJUMP"
"707","CDSP. TRADIG.USD.SNRFOR.MR14.060M","2019-01-19",1.9989297126178,-7.14021763777939,"NJUMP"
"708","CDSP. TRADIG.USD.SNRFOR.MR14.060M","2019-01-17",0.236350184618103,74.6086184715688,"NJUMP"
"709","CDSP. TRADIG.USD.SNRFOR.MR14.060M","2019-02-19",0.240721320447261,-13.6124247114027,"NJUMP"
"711","CDSP. TRADIG.USD.SNRFOR.MR14.060M","2019-12-02",1.36928931469641,-47.4347771062493,"NJUMP"
"712","CDSP. TRADIG.USD.SNRFOR.MR14.060M","2019-08-25",0.591214099608526,-38.6705766896944,"NJUMP"
"713","CDSP. TRADIG.USD.SNRFOR.MR14.060M","2019-09-16",0.399074037897166,-73.6406311948688,"NJUMP"
"717","CDSP. TRADIG.USD.SNRFOR.MR14.060M","2019-09-04",1.62207582649622,93.4918651008668,"NJUMP"
"719","CDSP. TRADIG.USD.SNRFOR.MR14.060M","2019-04-03",1.05593942243582,47.7172976730837,"NJUMP"
"720","CDSP. TRADIG.USD.SNRFOR.MR14.060M","2019-06-21",1.96432650478951,-94.7090060329122,"NJUMP"
"722","CDSP. TRADIG.USD.SNRFOR.MR14.060M","2019-10-19",0.3446397763663,-30.8835080062458,"NJUMP"
"725","CDSP. TRADIG.USD.SNRFOR.MR14.060M","2019-03-10",1.39761892054258,-23.1365769463994,"NJUMP"
"726","CDSP. TRADIG.USD.SNRFOR.MR14.060M","2019-12-06",1.63264854488738,-31.4482483382185,"NJUMP"
"728","CDSP. TRADIG.USD.SNRFOR.MR14.060M","2019-08-01",0.387275628933985,19.8852287362568,"NJUMP"
"731","CDSP. TRADIG.USD.SNRFOR.MR14.060M","2019-07-31",0.669947448940705,101.754669515078,"NJUMP"
"732","CDSP. TRADIG.USD.SNRFOR.MR14.060M","2019-09-10",1.90328395905783,40.838765491841,"NJUMP"
"738","CDSP. TRADIG.USD.SNRFOR.MR14.060M","2019-08-07",1.01297051361422,-42.4109655100331,"NJUMP"
"739","CDSP. TRADIG.USD.SNRFOR.MR14.060M","2019-07-11",0.151256577719006,-3.66167385156824,"NJUMP"
"741","CDSP. TRADIG.USD.SNRFOR.MR14.060M","2019-02-03",2.00235731686486,107.144177208268,"NJUMP"
"744","CDSP. TRADIG.USD.SNRFOR.MR14.060M","2019-01-20",1.27422514829173,-84.1898391334663,"NJUMP"
"746","CDSP. TRADIG.USD.SNRFOR.MR14.060M","2019-06-13",1.15254421231353,52.1222910351915,"NJUMP"
"756","CDSP. TRADIG.USD.SNRFOR.MR14.060M","2019-03-18",1.78240809303956,-76.4269547284941,"NJUMP"
"760","CDSP. TRADIG.USD.SNRFOR.MR14.060M","2019-02-20",0.712116081817602,45.9725393575177,"NJUMP"
"761","CDSP. TRADIG.USD.SNRFOR.MR14.060M","2019-11-10",0.298026859097928,-38.2891785589892,"NJUMP"
"762","CDSP. TRADIG.USD.SNRFOR.MR14.060M","2019-06-23",0.517454945326897,135.608044447922,"NJUMP"
"765","CDSP. TRADIG.USD.SNRFOR.MR14.060M","2019-01-04",1.96961466391223,-12.1620145079598,"NJUMP"
"766","CDSP. TRADIG.USD.SNRFOR.MR14.060M","2019-09-10",0.0592374036133082,85.8881952030808,"NJUMP"
"767","CDSP. TRADIG.USD.SNRFOR.MR14.060M","2019-06-23",1.58314394801617,-88.1528793607684,"NJUMP"
"768","CDSP. TRADIG.USD.SNRFOR.MR14.060M","2019-02-08",1.79481767566195,27.0261912416827,"NJUMP"
"775","CDSP. TRADIG.USD.SNRFOR.MR14.060M","2019-03-27",1.97817143959156,-55.0354481363955,"NJUMP"
"777","CDSP. TRADIG.USD.SNRFOR.MR14.060M","2019-09-29",0.176470752645188,-45.2839593769456,"NJUMP"
"779","CDSP. TRADIG.USD.SNRFOR.MR14.060M","2019-08-12",1.21769261791807,-44.7407582318823,"NJUMP"
"781","CDSP. TRADIG.USD.SNRFOR.MR14.060M","2019-05-18",1.68154698248347,-27.4465258067322,"NJUMP"
"782","CDSP. TRADIG.USD.SNRFOR.MR14.060M","2019-02-19",1.62257595162455,64.4714936458775,"NJUMP"
"794","CDSP. TRADIG.USD.SNRFOR.MR14.060M","2019-09-24",0.652901668945804,0.292058158809677,"NJUMP"
"795","CDSP. TRADIG.USD.SNRFOR.MR14.060M","2019-11-06",1.06748258818147,-18.3707788227861,"NJUMP"
"796","CDSP. TRADIG.USD.SNRFOR.MR14.060M","2019-08-07",1.34535964103193,-63.1536137017234,"NJUMP"
"799","CDSP. TRADIG.USD.SNRFOR.MR14.060M","2019-07-10",0.723114433219624,1.91742217018706,"NJUMP"
"802","CDSP. TRADIG.USD.SNRFOR.MR14.060M","2019-11-13",1.39018590590653,-43.0548415498814,"NJUMP"
"807","CDSP. TRADIG.USD.SNRFOR.MR14.060M","2019-08-15",1.6356930215034,66.0053157597078,"NJUMP"
"811","CDSP. TRADIG.USD.SNRFOR.MR14.060M","2019-11-12",2.04508335985288,74.2508577980945,"NJUMP"
"814","CDSP. TRADIG.USD.SNRFOR.MR14.060M","2019-09-20",1.74794837511465,-40.8080950357079,"NJUMP"
"822","CDSP. TRADIG.USD.SNRFOR.MR14.060M","2019-07-12",0.22157992596234,-136.887547069256,"NJUMP"
"823","CDSP. TRADIG.USD.SNRFOR.MR14.060M","2019-01-23",0.0312312287661424,66.8557502519554,"NJUMP"
"825","CDSP. TRADIG.USD.SNRFOR.MR14.060M","2019-06-27",0.209942598690045,-7.65556996490138,"NJUMP"
"827","CDSP. TRADIG.USD.SNRFOR.MR14.060M","2019-08-23",1.29808252161545,53.9218084649303,"NJUMP"
"836","CDSP. TRADIG.USD.SNRFOR.MR14.060M","2019-02-22",0.918795834322902,37.105780513352,"NJUMP"
"845","CDSP. TRADIG.USD.SNRFOR.MR14.060M","2019-10-08",1.19449750561052,-5.48148582729773,"NJUMP"
"847","CDSP. TRADIG.USD.SNRFOR.MR14.060M","2019-02-02",0.785462813804095,-38.6595785555615,"NJUMP"
"853","CDSP. TRADIG.USD.SNRFOR.MR14.060M","2019-05-23",0.679705350517095,-95.5319728259705,"NJUMP"
"854","CDSP. TRADIG.USD.SNRFOR.MR14.060M","2019-01-05",1.07242843258046,-156.274804102827,"NJUMP"
"855","CDSP. TRADIG.USD.SNRFOR.MR14.060M","2019-05-27",1.72748840408952,10.1391060823593,"NJUMP"
"859","CDSP. TRADIG.USD.SNRFOR.MR14.060M","2019-09-15",1.57144789790393,-113.857268788562,"NJUMP"
"860","CDSP. TRADIG.USD.SNRFOR.MR14.060M","2019-06-17",0.789132244577571,-74.5945783351174,"NJUMP"
"861","CDSP. TRADIG.USD.SNRFOR.MR14.060M","2019-03-10",0.334493766524972,-15.0312838906986,"NJUMP"
"872","CDSP. TRADIG.USD.SNRFOR.MR14.060M","2019-08-15",0.896018303125495,-97.1314502396109,"NJUMP"
"876","CDSP. TRADIG.USD.SNRFOR.MR14.060M","2019-12-29",1.42755543572107,74.9311504603649,"NJUMP"
"879","CDSP. TRADIG.USD.SNRFOR.MR14.060M","2019-12-10",1.98801845356768,-105.646355983407,"NJUMP"
"881","CDSP. TRADIG.USD.SNRFOR.MR14.060M","2019-11-01",1.1476923026201,36.1560430231551,"NJUMP"
"885","CDSP. TRADIG.USD.SNRFOR.MR14.060M","2019-08-17",1.14281430651544,45.8427052074173,"NJUMP"
"886","CDSP. TRADIG.USD.SNRFOR.MR14.060M","2019-06-05",0.928123153523096,-34.6527896104729,"NJUMP"
"887","CDSP. TRADIG.USD.SNRFOR.MR14.060M","2019-07-23",0.224556561728925,-21.246753833279,"NJUMP"
"892","CDSP. TRADIG.USD.SNRFOR.MR14.060M","2019-11-18",2.12567718961178,41.5427118204427,"NJUMP"
"896","CDSP. TRADIG.USD.SNRFOR.MR14.060M","2019-06-09",0.389132164559693,84.5050004806444,"NJUMP"
"904","CDSP. TRADIG.USD.SNRFOR.MR14.060M","2019-10-06",1.85939321307439,29.775489571641,"NJUMP"
"905","CDSP. TRADIG.USD.SNRFOR.MR14.060M","2019-01-16",1.87728146766419,-39.7398734770313,"NJUMP"
"920","CDSP. TRADIG.USD.SNRFOR.MR14.060M","2019-08-04",0.364599180532742,-2.48867758083046,"NJUMP"
"921","CDSP. TRADIG.USD.SNRFOR.MR14.060M","2019-06-05",2.14950848099121,-113.843876243952,"NJUMP"
"927","CDSP. TRADIG.USD.SNRFOR.MR14.060M","2019-01-19",2.01962473531607,116.554537341491,"NJUMP"
"929","CDSP. TRADIG.USD.SNRFOR.MR14.060M","2020-01-01",1.68299849454941,-38.1182278334082,"NJUMP"
"935","CDSP. TRADIG.USD.SNRFOR.MR14.060M","2019-01-10",0.114246365772778,91.4761385815276,"NJUMP"
"938","CDSP. TRADIG.USD.SNRFOR.MR14.060M","2019-03-11",1.59895922307445,94.8543633498774,"NJUMP"
"940","CDSP. TRADIG.USD.SNRFOR.MR14.060M","2019-02-16",0.712678321183117,2.61579069605308,"NJUMP"
"950","CDSP. TRADIG.USD.SNRFOR.MR14.060M","2019-02-02",0.537319171490539,-19.9648768196666,"NJUMP"
"955","CDSP. TRADIG.USD.SNRFOR.MR14.060M","2019-06-24",2.1302634466373,-56.1473370735172,"NJUMP"
"956","CDSP. TRADIG.USD.SNRFOR.MR14.060M","2019-04-09",0.694592238892391,-26.5206628869695,"NJUMP"
"957","CDSP. TRADIG.USD.SNRFOR.MR14.060M","2019-02-01",2.09757744336988,61.637809221395,"NJUMP"
"965","CDSP. TRADIG.USD.SNRFOR.MR14.060M","2019-09-29",1.59539245490358,20.8698476323435,"NJUMP"
"969","CDSP. TRADIG.USD.SNRFOR.MR14.060M","2019-11-16",1.14419751813384,-114.260843076907,"NJUMP"
"971","CDSP. TRADIG.USD.SNRFOR.MR14.060M","2019-08-28",1.58648448919457,16.3213301649817,"NJUMP"
"972","CDSP. TRADIG.USD.SNRFOR.MR14.060M","2019-04-15",0.376699658116923,-62.1166632279788,"NJUMP"
"973","CDSP. TRADIG.USD.SNRFOR.MR14.060M","2019-08-24",1.13632576945931,52.6627655030749,"NJUMP"
"974","CDSP. TRADIG.USD.SNRFOR.MR14.060M","2019-06-13",2.00488305363664,-131.706806594465,"NJUMP"
"976","CDSP. TRADIG.USD.SNRFOR.MR14.060M","2019-10-26",1.21364160755512,-67.2425396428521,"NJUMP"
"982","CDSP. TRADIG.USD.SNRFOR.MR14.060M","2019-07-12",1.31617841329812,10.0797454411895,"NJUMP"
"984","CDSP. TRADIG.USD.SNRFOR.MR14.060M","2019-11-29",0.186090928154908,-21.6590745388735,"NJUMP"
"987","CDSP. TRADIG.USD.SNRFOR.MR14.060M","2019-12-08",1.56453543668821,56.0346871204449,"NJUMP"
"996","CDSP. TRADIG.USD.SNRFOR.MR14.060M","2019-10-18",2.1583000894638,110.1320206249,"NJUMP"
"997","CDSP. TRADIG.USD.SNRFOR.MR14.060M","2019-01-05",0.0536197598003459,-54.8994873119658,"NJUMP"
"998","CDSP. TRADIG.USD.SNRFOR.MR14.060M","2019-03-11",1.24192249302421,67.218239367401,"NJUMP"
